{
    "Routes": [
        {
            "UpstreamPathTemplate": "/Register",
            "UpstreamHttpMethod": [ "Post" ],
            "DownstreamScheme": "https",
            "DownstreamHostAndPorts": [
                {
                    "Host": "localhost",
                    "Port": 7030
                }
            ],
            "DownstreamPathTemplate": "/api/User/register"
        },
        {
            "UpstreamPathTemplate": "/Login",
            "UpstreamHttpMethod": [ "Post" ],
            "DownstreamScheme": "https",
            "DownstreamHostAndPorts": [
                {
                    "Host": "localhost",
                    "Port": 7030
                }
            ],
            "DownstreamPathTemplate": "/api/Auth/login"
        },
        {
            "UpstreamPathTemplate": "/GetUser/{userEmailId}",
            "UpstreamHttpMethod": [ "Get" ],
            "DownstreamScheme": "https",
            "DownstreamHostAndPorts": [
                {
                    "Host": "localhost",
                    "Port": 7030
                }
            ],
            "DownstreamPathTemplate": "/api/User/get/{userEmailId}",
            "AuthenticationOptions": {
                "AuthenticationProviderKey": "token",
                "AllowedScopes": []
            }
        },
        {
            "UpstreamPathTemplate": "/UpdateName",
            "UpstreamHttpMethod": [ "Put" ],
            "DownstreamScheme": "https",
            "DownstreamHostAndPorts": [
                {
                    "Host": "localhost",
                    "Port": 7030
                }
            ],
            "DownstreamPathTemplate": "/api/User/update/name",
            "AuthenticationOptions": {
                "AuthenticationProviderKey": "token",
                "AllowedScopes": []
            }
        },
        {
            "UpstreamPathTemplate": "/UpdatePassword",
            "UpstreamHttpMethod": [ "Put" ],
            "DownstreamScheme": "https",
            "DownstreamHostAndPorts": [
                {
                    "Host": "localhost",
                    "Port": 7030
                }
            ],
            "DownstreamPathTemplate": "/api/User/update/password",
            "AuthenticationOptions": {
                "AuthenticationProviderKey": "token",
                "AllowedScopes": []
            }
        },
        {
            "UpstreamPathTemplate": "/UpdateNumber",
            "UpstreamHttpMethod": [ "Put" ],
            "DownstreamScheme": "https",
            "DownstreamHostAndPorts": [
                {
                    "Host": "localhost",
                    "Port": 7030
                }
            ],
            "DownstreamPathTemplate": "/api/User/update/number",
            "AuthenticationOptions": {
                "AuthenticationProviderKey": "token",
                "AllowedScopes": []
            }
        },
        {
            "UpstreamPathTemplate": "/UpdateImage",
            "UpstreamHttpMethod": [ "Put" ],
            "DownstreamScheme": "https",
            "DownstreamHostAndPorts": [
                {
                    "Host": "localhost",
                    "Port": 7030
                }
            ],
            "DownstreamPathTemplate": "/api/User/update/image",
            "AuthenticationOptions": {
                "AuthenticationProviderKey": "token",
                "AllowedScopes": []
            }
        },
        {
            "UpstreamPathTemplate": "/GetAddress/{userEmailId}",
            "UpstreamHttpMethod": [ "Get" ],
            "DownstreamScheme": "https",
            "DownstreamHostAndPorts": [
                {
                    "Host": "localhost",
                    "Port": 7030
                }
            ],
            "DownstreamPathTemplate": "/api/User/get/address/{userEmailId}",
            "AuthenticationOptions": {
                "AuthenticationProviderKey": "token",
                "AllowedScopes": []
            }
        },
        {
            "UpstreamPathTemplate": "/UpdateAddress",
            "UpstreamHttpMethod": [ "Put" ],
            "DownstreamScheme": "https",
            "DownstreamHostAndPorts": [
                {
                    "Host": "localhost",
                    "Port": 7030
                }
            ],
            "DownstreamPathTemplate": "/api/User/update/address",
            "AuthenticationOptions": {
                "AuthenticationProviderKey": "token",
                "AllowedScopes": []
            }
        },
        {
            "UpstreamPathTemplate": "/SendEmail",
            "UpstreamHttpMethod": [ "Post" ],
            "DownstreamScheme": "https",
            "DownstreamHostAndPorts": [
                {
                    "Host": "localhost",
                    "Port": 7024
                }
            ],
            "DownstreamPathTemplate": "/api/Email/SendEmail",
            "AuthenticationOptions": {
                "AuthenticationProviderKey": "token",
                "AllowedScopes": []
            }
        },
        {
            "UpstreamPathTemplate": "/CreateMenu",
            "UpstreamHttpMethod": [ "Post" ],
            "DownstreamScheme": "https",
            "DownstreamHostAndPorts": [
                {
                    "Host": "localhost",
                    "Port": 7107
                }
            ],
            "DownstreamPathTemplate": "/api/Menu/createMenu",
            "AuthenticationOptions": {
                "AuthenticationProviderKey": "token",
                "AllowedScopes": []
            }
        },
        {
            "UpstreamPathTemplate": "/UpdateMenuImage",
            "UpstreamHttpMethod": [ "Put" ],
            "DownstreamScheme": "https",
            "DownstreamHostAndPorts": [
                {
                    "Host": "localhost",
                    "Port": 7107
                }
            ],
            "DownstreamPathTemplate": "/api/Menu/update/image",
            "AuthenticationOptions": {
                "AuthenticationProviderKey": "token",
                "AllowedScopes": []
            }
        },
        {
            "UpstreamPathTemplate": "/GetMenuImage/{menuitemid}",
            "UpstreamHttpMethod": [ "Get" ],
            "DownstreamScheme": "https",
            "DownstreamHostAndPorts": [
                {
                    "Host": "localhost",
                    "Port": 7107
                }
            ],
            "DownstreamPathTemplate": "/api/Menu/get/image/{menuitemid}",
            "AuthenticationOptions": {
                "AuthenticationProviderKey": "token",
                "AllowedScopes": []
            }
        },
        {
            "UpstreamPathTemplate": "/GetMenuList",
            "UpstreamHttpMethod": [ "Get" ],
            "DownstreamScheme": "https",
            "DownstreamHostAndPorts": [
                {
                    "Host": "localhost",
                    "Port": 7107
                }
            ],
            "DownstreamPathTemplate": "/api/Menu/get/menulist",
            "AuthenticationOptions": {
                "AuthenticationProviderKey": "token",
                "AllowedScopes": []
            }
        },
        {
            "UpstreamPathTemplate": "/GetMenuById/{MenuItemId}",
            "UpstreamHttpMethod": [ "Get" ],
            "DownstreamScheme": "https",
            "DownstreamHostAndPorts": [
                {
                    "Host": "localhost",
                    "Port": 7107
                }
            ],
            "DownstreamPathTemplate": "/api/Menu/get/menubyid/{id}",
            "AuthenticationOptions": {
                "AuthenticationProviderKey": "token",
                "AllowedScopes": []
            }
        },
        {
            "UpstreamPathTemplate": "/GetMenuByCate/{Category}",
            "UpstreamHttpMethod": [ "Get" ],
            "DownstreamScheme": "https",
            "DownstreamHostAndPorts": [
                {
                    "Host": "localhost",
                    "Port": 7107
                }
            ],
            "DownstreamPathTemplate": "/api/Menu/get/MenuByCate/{category}",
            "AuthenticationOptions": {
                "AuthenticationProviderKey": "token",
                "AllowedScopes": []
            }
        },
        {
            "UpstreamPathTemplate": "/UpdateMenu",
            "UpstreamHttpMethod": [ "Put" ],
            "DownstreamScheme": "https",
            "DownstreamHostAndPorts": [
                {
                    "Host": "localhost",
                    "Port": 7107
                }
            ],
            "DownstreamPathTemplate": "/api/Menu/updateMenu",
            "AuthenticationOptions": {
                "AuthenticationProviderKey": "token",
                "AllowedScopes": []
            }
        },
        {
            "UpstreamPathTemplate": "/DeleteMenu/{menuid}",
            "UpstreamHttpMethod": [ "Delete" ],
            "DownstreamScheme": "https",
            "DownstreamHostAndPorts": [
                {
                    "Host": "localhost",
                    "Port": 7107
                }
            ],
            "DownstreamPathTemplate": "/api/Menu/DeleteMenu/{menuid}",
            "AuthenticationOptions": {
                "AuthenticationProviderKey": "token",
                "AllowedScopes": []
            }
        },
        {
            "UpstreamPathTemplate": "/CreateSubscription",
            "UpstreamHttpMethod": [ "Post" ],
            "DownstreamScheme": "https",
            "DownstreamHostAndPorts": [
                {
                    "Host": "localhost",
                    "Port": 7042
                }
            ],
            "DownstreamPathTemplate": "/api/Subscription/Create",
            "AuthenticationOptions": {
                "AuthenticationProviderKey": "token",
                "AllowedScopes": []
            }
        },
        {
            "UpstreamPathTemplate": "/SubscriptionList",
            "UpstreamHttpMethod": [ "Get" ],
            "DownstreamScheme": "https",
            "DownstreamHostAndPorts": [
                {
                    "Host": "localhost",
                    "Port": 7042
                }
            ],
            "DownstreamPathTemplate": "/api/Subscription/List",
            "AuthenticationOptions": {
                "AuthenticationProviderKey": "token",
                "AllowedScopes": []
            }
        },
        {
            "UpstreamPathTemplate": "/SubscriptionById/{id}",
            "UpstreamHttpMethod": [ "Get" ],
            "DownstreamScheme": "https",
            "DownstreamHostAndPorts": [
                {
                    "Host": "localhost",
                    "Port": 7042
                }
            ],
            "DownstreamPathTemplate": "/api/Subscription/get/{id}",
            "AuthenticationOptions": {
                "AuthenticationProviderKey": "token",
                "AllowedScopes": []
            }
        },
        {
            "UpstreamPathTemplate": "/UpdateSubscription/{id}",
            "UpstreamHttpMethod": [ "Put" ],
            "DownstreamScheme": "https",
            "DownstreamHostAndPorts": [
                {
                    "Host": "localhost",
                    "Port": 7042
                }
            ],
            "DownstreamPathTemplate": "/api/Subscription/update/{id}",
            "AuthenticationOptions": {
                "AuthenticationProviderKey": "token",
                "AllowedScopes": []
            }
        },
        {
            "UpstreamPathTemplate": "/DeleteSubscription/{id}",
            "UpstreamHttpMethod": [ "Delete" ],
            "DownstreamScheme": "https",
            "DownstreamHostAndPorts": [
                {
                    "Host": "localhost",
                    "Port": 7042
                }
            ],
            "DownstreamPathTemplate": "/api/Subscription/delete/{id}",
            "AuthenticationOptions": {
                "AuthenticationProviderKey": "token",
                "AllowedScopes": []
            }
        },
        {
            "UpstreamPathTemplate": "/Order",
            "UpstreamHttpMethod": [ "Post" ],
            "DownstreamScheme": "https",
            "DownstreamHostAndPorts": [
                {
                    "Host": "localhost",
                    "Port": 7264
                }
            ],
            "DownstreamPathTemplate": "/api/Order/CreateOrder",
            "AuthenticationOptions": {
                "AuthenticationProviderKey": "token",
                "AllowedScopes": []
            }
        },
        {
            "UpstreamPathTemplate": "/DeleteOrder/{id}",
            "UpstreamHttpMethod": [ "Delete" ],
            "DownstreamScheme": "https",
            "DownstreamHostAndPorts": [
                {
                    "Host": "localhost",
                    "Port": 7264
                }
            ],
            "DownstreamPathTemplate": "/api/Order/deleteOrder/{id}",
            "AuthenticationOptions": {
                "AuthenticationProviderKey": "token",
                "AllowedScopes": []
            }
        },
        {
            "UpstreamPathTemplate": "/OrdersByEmail/{email}",
            "UpstreamHttpMethod": [ "Get" ],
            "DownstreamScheme": "https",
            "DownstreamHostAndPorts": [
                {
                    "Host": "localhost",
                    "Port": 7264
                }
            ],
            "DownstreamPathTemplate": "/api/Order/getOrdersByEmail/{email}",
            "AuthenticationOptions": {
                "AuthenticationProviderKey": "token",
                "AllowedScopes": []
            }
        },
        {
            "UpstreamPathTemplate": "/UpdateOrder/{id}",
            "UpstreamHttpMethod": [ "Put" ],
            "DownstreamScheme": "https",
            "DownstreamHostAndPorts": [
                {
                    "Host": "localhost",
                    "Port": 7264
                }
            ],
            "DownstreamPathTemplate": "/api/Order/updateOrder/{id}",
            "AuthenticationOptions": {
                "AuthenticationProviderKey": "token",
                "AllowedScopes": []
            }
        },
        {
            "UpstreamPathTemplate": "/CreateOrder",
            "UpstreamHttpMethod": [ "Post" ],
            "DownstreamScheme": "https",
            "DownstreamHostAndPorts": [
                {
                    "Host": "localhost",
                    "Port": 7203
                }
            ],
            "DownstreamPathTemplate": "/api/Payment/CreateOrder",
            "AuthenticationOptions": {
                "AuthenticationProviderKey": "token",
                "AllowedScopes": []
            }
        },
        {
            "UpstreamPathTemplate": "/Checkout",
            "UpstreamHttpMethod": [ "Post" ],
            "DownstreamScheme": "https",
            "DownstreamHostAndPorts": [
                {
                    "Host": "localhost",
                    "Port": 7203
                }
            ],
            "DownstreamPathTemplate": "/api/Payment/checkout",
            "AuthenticationOptions": {
                "AuthenticationProviderKey": "token",
                "AllowedScopes": []
            }
        },
        {
            "UpstreamPathTemplate": "/Payment",
            "UpstreamHttpMethod": [ "Post" ],
            "DownstreamScheme": "https",
            "DownstreamHostAndPorts": [
                {
                    "Host": "localhost",
                    "Port": 7203
                }
            ],
            "DownstreamPathTemplate": "/api/Payment/payment",
            "AuthenticationOptions": {
                "AuthenticationProviderKey": "token",
                "AllowedScopes": []
            }
        }
    ]
}